{"cameraMode":{"drawMode":0,"name":"Shaded","section":"Shading Mode"},"sceneLighting":true,"audioPlay":false,"sceneViewState":{"showFog":true,"showMaterialUpdate":false,"showSkybox":true,"showFlares":true,"showImageEffects":true,"showParticleSystems":true},"in2DMode":false,"pivot":{"x":2.759032042831677e-7,"y":0.48335111141204836,"z":0.012077332474291325},"rotation":{"x":-0.03806793689727783,"y":0.9618350863456726,"z":-0.18429167568683625,"w":-0.1986798644065857},"size":1.683501958847046,"orthographic":false}